Country Name,Country Code,1960,1961,1962,1963,1964,1965,1966,1967,1968,1969,1970,1971,1972,1973,1974,1975,1976,1977,1978,1979,1980,1981,1982,1983,1984,1985,1986,1987,1988,1989,1990,1991,1992,1993,1994,1995,1996,1997,1998,1999,2000,2001,2002,2003,2004,2005,2006,2007,2008,2009,2010,2011,2012,2013,2014,2015,2016,2017,2018,2019
Aruba,ABW,,,,,,,,,,,,,,,,,,,,,,,,,,,,,,,,,,,,,,,,,,,,,,,,,,,,13,13,13,13,13,13,13,13,
Afghanistan,AFG,,,,,,,,,,,,,,,,,,,,,,,,,,,,,,,,,,,,,,,6,6,6,6,6,6,6,6,6,6,9,9,9,9,9,9,9,9,9,9,9,
Angola,AGO,,,,,,,,,,,,,,,,,,,,,,,,,,,,,,,,,,,,,,,4,4,4,4,4,4,4,4,4,6,6,6,6,6,6,6,6,6,6,6,6,
Albania,ALB,,,,,,,,,,,,,,,,,,,,,,,,,,,,,,,,,,,,,,,8,8,8,8,8,8,8,8,8,8,8,8,8,8,9,9,9,9,9,9,9,
Andorra,AND,,,,,,,,,,,,,,,,,,,,,,,,,,,,,,,,,,,,,,,10,10,10,10,10,10,10,10,10,10,10,10,10,10,10,10,10,10,10,10,10,
Arab World,ARB,,,,,,,,,,,,,,,,,,,,,,,,,,,,,,,,,,,,,,,,,,,,,,,,,,,,,,,,,,,,
United Arab Emirates,ARE,,,,,,,,,,,,,,,,,,,,,,,,,,,,,,,,,,,,,,,,6,6,6,6,6,6,6,6,6,6,6,6,6,6,6,6,6,6,6,6,
Argentina,ARG,,,,,,,,,,,,,,,,,,,,,,,,,,,,,,,,,,,,,,,10,10,10,10,10,10,10,10,13,13,13,13,13,13,13,13,13,14,14,14,14,
Armenia,ARM,,,,,,,,,,,,,,,,,,,,,,,,,,,,,,,,,,,,,,,,10,10,10,10,10,10,10,10,10,10,10,10,11,12,12,12,12,12,12,12,
American Samoa,ASM,,,,,,,,,,,,,,,,,,,,,,,,,,,,,,,,,,,,,,,,,,,,,,,,,,,,,,,,,,,,
Antigua and Barbuda,ATG,,,,,,,,,,,,,,,,,,,,,,,,,,,,,,,,,,,,,,,11,11,11,11,11,11,11,11,11,11,11,11,11,11,11,11,11,11,11,11,11,
Australia,AUS,,,,,,,,,,,,,,,,,,,,,,,,,,,,,,,,,,,,,,,10,10,10,10,10,10,10,10,10,10,10,10,10,10,10,10,10,10,10,10,10,
Austria,AUT,,,,,,,,,,,,,,,,,,,,,,,,,,,,,,,,,,,,,,,9,9,9,9,9,9,9,9,9,9,9,9,9,10,10,10,10,10,10,13,13,
Azerbaijan,AZE,,,,,,,,,,,,,,,,,,,,,,,,,,,,,,,,,,,,,,,9,9,9,9,9,9,9,9,9,9,9,9,9,9,9,10,10,10,10,10,10,
Burundi,BDI,,,,,,,,,,,,,,,,,,,,,,,,,,,,,,,,,,,,,,,,,,,,,,,,,,,,,,,,,,,,
Belgium,BEL,,,,,,,,,,,,,,,,,,,,,,,,,,,,,,,,,,,,,,,12,12,12,12,12,12,12,12,12,12,12,12,12,12,12,12,12,12,12,12,12,
Benin,BEN,,,,,,,,,,,,,,,,,,,,,,,,,,,,,,,,,,,,,,,6,6,6,6,6,6,6,6,6,6,6,6,6,6,6,6,6,6,6,6,6,
Burkina Faso,BFA,,,,,,,,,,,,,,,,,,,,,,,,,,,,,,,,,,,,,,,10,10,10,10,10,10,10,10,10,10,10,10,10,10,10,10,10,10,10,10,10,
Bangladesh,BGD,,,,,,,,,,,,,,,,,,,,,,,,,,,,,,,,,,,,,,,5,5,5,5,5,5,5,5,5,5,5,5,5,5,5,5,5,5,5,5,5,
Bulgaria,BGR,,,,,,,,,,,,,,,,,,,,,,,,,,,,,,,,,,,,,,,9,9,9,9,9,9,9,9,9,9,9,9,9,11,11,11,11,11,11,11,11,
Bahrain,BHR,,,,,,,,,,,,,,,,,,,,,,,,,,,,,,,,,,,,,,,,,,,,,9,9,9,9,9,9,9,9,9,9,9,9,9,9,9,
"Bahamas, The",BHS,,,,,,,,,,,,,,,,,,,,,,,,,,,,,,,,,,,,,,,12,12,12,12,12,12,12,12,12,12,12,12,12,12,12,12,12,12,12,12,12,
Bosnia and Herzegovina,BIH,,,,,,,,,,,,,,,,,,,,,,,,,,,,,,,,,,,,,,,8,8,8,8,8,8,8,9,9,9,9,9,9,9,9,9,9,9,9,9,9,
Belarus,BLR,,,,,,,,,,,,,,,,,,,,,,,,,,,,,,,,,,,,,,,9,9,9,9,9,9,9,9,9,9,9,9,9,9,9,9,9,9,9,9,9,
Belize,BLZ,,,,,,,,,,,,,,,,,,,,,,,,,,,,,,,,,,,,,,,8,8,8,8,8,8,8,8,8,8,8,8,8,8,8,8,8,8,8,8,8,
Bermuda,BMU,,,,,,,,,,,,,,,,,,,,,,,,,,,,,,,,,,,,,,,13,13,13,13,13,13,13,13,13,13,13,13,13,13,13,13,13,13,13,13,13,
Bolivia,BOL,,,,,,,,,,,,,,,,,,,,,,,,,,,,,,,,,,,,,,,8,8,8,8,8,8,8,8,8,8,8,14,14,14,14,14,14,14,14,14,14,
Brazil,BRA,,,,,,,,,,,,,,,,,,,,,,,,,,,,,,,,,,,,,,,8,8,8,8,8,8,8,8,8,8,8,8,8,8,8,14,14,14,14,14,14,
Barbados,BRB,,,,,,,,,,,,,,,,,,,,,,,,,,,,,,,,,,,,,,,11,11,11,11,11,11,11,11,11,11,11,11,11,11,11,11,11,11,11,11,11,
Brunei Darussalam,BRN,,,,,,,,,,,,,,,,,,,,,,,,,,,,,,,,,,,,,,,,,,,,,,,,9,9,9,9,9,9,9,9,9,9,9,9,
Bhutan,BTN,,,,,,,,,,,,,,,,,,,,,,,,,,,,,,,,,,,,,,,,,,,,,,,,,,,,,,,,,,,,
Botswana,BWA,,,,,,,,,,,,,,,,,,,,,,,,,,,,,,,,,,,,,,,,,,,,,,,,,,,,,,,,,,,,
Central African Republic,CAF,,,,,,,,,,,,,,,,,,,,,,,,,,,,,,,,,,,,,,,10,10,10,10,10,10,10,10,10,10,10,10,10,10,10,10,10,10,10,10,10,
Canada,CAN,,,,,,,,,,,,,,,,,,,,,,,,,,,,,,,,,,,,,,,10,10,10,10,10,10,10,10,10,10,10,10,10,10,10,10,10,10,10,10,10,
Central Europe and the Baltics,CEB,,,,,,,,,,,,,,,,,,,,,,,,,,,,,,,,,,,,,,,,,,,,,,,,,,,,,,,,,,,,
Switzerland,CHE,,,,,,,,,,,,,,,,,,,,,,,,,,,,,,,,,,,,,,,11,11,11,11,11,11,11,11,11,11,11,11,11,11,11,11,11,11,11,11,11,
Channel Islands,CHI,,,,,,,,,,,,,,,,,,,,,,,,,,,,,,,,,,,,,,,,,,,,,,,,,,,,,,,,,,,,
Chile,CHL,,,,,,,,,,,,,,,,,,,,,,,,,,,,,,,,,,,,,,,8,8,8,8,8,12,12,12,12,12,12,12,12,12,12,12,12,12,12,12,12,
China,CHN,,,,,,,,,,,,,,,,,,,,,,,,,,,,,,,,,,,,,,,9,9,9,9,9,9,9,9,9,9,9,9,9,9,9,9,9,9,9,9,9,
Cote d'Ivoire,CIV,,,,,,,,,,,,,,,,,,,,,,,,,,,,,,,,,,,,,,,10,10,10,10,10,10,10,10,10,10,10,10,10,10,10,10,10,10,10,10,10,
Cameroon,CMR,,,,,,,,,,,,,,,,,,,,,,,,,,,,,,,,,,,,,,,6,6,6,6,6,6,6,6,6,6,6,6,6,6,6,6,6,6,6,6,6,
"Congo, Dem. Rep.",COD,,,,,,,,,,,,,,,,,,,,,,,,,,,,,,,,,,,,,,,6,6,6,6,6,6,6,6,6,6,6,6,6,6,6,6,6,6,6,6,6,
"Congo, Rep.",COG,,,,,,,,,,,,,,,,,,,,,,,,,,,,,,,,,,,,,,,10,10,10,10,10,10,10,10,10,10,10,10,10,10,10,10,10,10,10,10,10,
Colombia,COL,,,,,,,,,,,,,,,,,,,,,,,,,,,,,,,,,,,,,,,10,10,10,10,10,10,10,10,10,10,10,10,10,10,10,10,10,12,12,12,12,
Comoros,COM,,,,,,,,,,,,,,,,,,,,,,,,,,,,,,,,,,,,6,6,6,6,6,6,6,6,6,6,6,6,6,6,6,6,6,6,6,6,6,6,6,6,
Cabo Verde,CPV,,,,,,,,,,,,,,,,,,,,,,,,,,,,,,,,,,,,,,,6,6,6,6,6,6,6,6,6,6,6,6,10,10,10,10,10,10,10,10,10,
Costa Rica,CRI,,,,,,,,,,,,,,,,,,,,,,,,,,,,,,,,,,,,,,,11,11,11,11,11,11,11,11,11,11,11,11,11,13,13,13,13,13,13,13,13,
Caribbean small states,CSS,,,,,,,,,,,,,,,,,,,,,,,,,,,,,,,,,,,,,,,,,,,,,,,,,,,,,,,,,,,,
Cuba,CUB,,,,,,,,,,,,,,,,,,,,,,,,,,,,,,,,,,,,,,,9,9,9,9,9,9,9,9,9,9,9,9,9,9,9,9,9,9,9,9,9,
Curacao,CUW,,,,,,,,,,,,,,,,,,,,,,,,,,,,,,,,,,,,,,,9,9,9,9,9,9,9,9,9,14,14,14,14,14,14,14,14,14,14,14,14,
Cayman Islands,CYM,,,,,,,,,,,,,,,,,,,,,,,,,,,,,,,,,,,,,,,12,12,12,12,12,12,12,12,12,12,12,12,12,12,12,12,12,12,12,12,12,
Cyprus,CYP,,,,,,,,,,,,,,,,,,,,,,,,,,,,,,,,,,,,,,,9,9,9,9,9,9,9,10,10,10,10,10,10,10,10,10,10,10,10,10,10,
Czech Republic,CZE,,,,,,,,,,,,,,,,,,,,,,,,,,,,,,,,,,,,,,,,,,,,,9,9,9,9,9,9,9,9,9,9,9,9,9,9,9,
Germany,DEU,,,,,,,,,,,,,,,,,,,,,,,,,,,,,,,,,,,,,,,13,13,13,13,13,13,13,13,13,13,13,13,13,13,13,13,13,13,13,13,13,
Djibouti,DJI,,,,,,,,,,,,,,,,,,,,,,,,,,,,,,,,,,,,,,,,,10,10,10,10,10,10,10,10,10,10,10,10,10,10,10,10,10,10,10,10
Dominica,DMA,,,,,,,,,,,,,,,,,,,,,,,,,,,,,,,,,,,,,,,12,12,12,12,12,12,12,12,12,12,12,12,12,12,12,12,12,12,12,12,12,
Denmark,DNK,,,,,,,,,,,,,,,,,,,,,,,,,,,,,,,,,,,,,,,9,9,9,9,9,9,9,9,9,9,9,9,9,10,10,10,10,10,10,10,10,
Dominican Republic,DOM,,,,,,,,,,,,,,,,,,,,,,,,,,,,,,,,,,,,,,,9,9,9,9,9,9,9,9,9,9,9,9,15,15,15,15,15,15,15,15,15,
Algeria,DZA,,,,,,,,,,,,,,,,,,,,,,,,,,,,,,,,,,,,,,,10,10,10,10,10,10,10,10,10,10,10,10,10,10,10,10,10,10,10,10,10,
East Asia & Pacific (excluding high income),EAP,,,,,,,,,,,,,,,,,,,,,,,,,,,,,,,,,,,,,,,,,,,,,,,,,,,,,,,,,,,,
Early-demographic dividend,EAR,,,,,,,,,,,,,,,,,,,,,,,,,,,,,,,,,,,,,,,,,,,,,,,,,,,,,,,,,,,,
East Asia & Pacific,EAS,,,,,,,,,,,,,,,,,,,,,,,,,,,,,,,,,,,,,,,,,,,,,,,,,,,,,,,,,,,,
Europe & Central Asia (excluding high income),ECA,,,,,,,,,,,,,,,,,,,,,,,,,,,,,,,,,,,,,,,,,,,,,,,,,,,,,,,,,,,,
Europe & Central Asia,ECS,,,,,,,,,,,,,,,,,,,,,,,,,,,,,,,,,,,,,,,,,,,,,,,,,,,,,,,,,,,,
Ecuador,ECU,,,,,,,,,,,,,,,,,,,,,,,,,,,,,,,,,,,,,,,10,10,10,10,10,10,10,10,10,10,10,10,15,15,15,15,15,15,15,15,15,
"Egypt, Arab Rep.",EGY,,,,,,,,,,,,,,,,,,,,,,,,,,,,,,,,,,,,,,,9,9,9,9,9,9,9,9,9,9,9,9,9,9,9,9,9,12,12,12,12,
Euro area,EMU,,,,,,,,,,,,,,,,,,,,,,,,,,,,,,,,,,,,,,,,,,,,,,,,,,,,,,,,,,,,
Eritrea,ERI,,,,,,,,,,,,,,,,,,,,,,,,,,,,,,,,,,,,,,,,,,,,,,,,,,,8,8,8,8,8,8,8,8,8,
Spain,ESP,,,,,,,,,,,,,,,,,,,,,,,,,,,,,,,,,,,,,,,10,10,10,10,10,10,10,10,10,10,10,10,10,10,10,10,10,10,10,10,10,10
Estonia,EST,,,,,,,,,,,,,,,,,,,,,,,,,,,,,,,,,,,,,,,9,9,9,9,9,9,9,9,9,9,9,9,9,9,9,9,9,9,9,9,9,
Ethiopia,ETH,,,,,,,,,,,,,,,,,,,,,,,,,,,,,,,,,,,,,,,8,8,8,8,8,8,8,8,8,8,8,8,8,8,8,8,8,8,8,8,8,
European Union,EUU,,,,,,,,,,,,,,,,,,,,,,,,,,,,,,,,,,,,,,,,,,,,,,,,,,,,,,,,,,,,
Fragile and conflict affected situations,FCS,,,,,,,,,,,,,,,,,,,,,,,,,,,,,,,,,,,,,,,,,,,,,,,,,,,,,,,,,,,,
Finland,FIN,,,,,,,,,,,,,,,,,,,,,,,,,,,,,,,,,,,,,,,9,9,9,9,9,9,9,9,9,9,9,9,9,9,9,9,9,9,10,10,10,
Fiji,FJI,,,,,,,,,,,,,,,,,,,,,,,,,,,,,,,,,,,,,,,,,,,,,,,,,,,,,,,,,,,,
France,FRA,,,,,,,,,,,,,,,,,,,,,,,,,,,,,,,,,,,,,,,10,10,10,10,10,10,10,10,10,10,10,10,10,10,10,10,10,10,10,10,10,10
Faroe Islands,FRO,,,,,,,,,,,,,,,,,,,,,,,,,,,,,,,,,,,,,,,,,,,,,,,,,,,9,9,9,9,9,9,9,9,9,
"Micronesia, Fed. Sts.",FSM,,,,,,,,,,,,,,,,,,,,,,,,,,,,,,,,,,,,,,,,,,,,,,,,,,,,,,,,,,,,
Gabon,GAB,,,,,,,,,,,,,,,,,,,,,,,,,,,,,,,,,,,,,,,10,10,10,10,10,10,10,10,10,10,10,10,10,10,10,10,10,10,10,10,10,
United Kingdom,GBR,,,,,,,,,,,,,,,,,,,,,,,,,,,,,,,,,,,,,,,11,11,11,11,11,11,11,11,11,11,11,11,11,11,11,11,11,11,11,11,11,
Georgia,GEO,,,,,,,,,,,,,,,,,,,,,,,,,,,,,,,,,,,,,,,6,6,6,6,6,6,6,9,9,9,9,9,9,9,9,9,9,9,9,9,9,
Ghana,GHA,,,,,,,,,,,,,,,,,,,,,,,,,,,,,,,,,,,,,,,9,9,9,9,9,9,9,9,9,11,11,11,11,11,11,11,11,11,11,11,11,
Gibraltar,GIB,,,,,,,,,,,,,,,,,,,,,,,,,,,,,,,,,,,,,,,10,10,10,10,10,10,10,10,10,10,10,10,10,10,10,10,10,10,10,10,10,
Guinea,GIN,,,,,,,,,,,,,,,,,,,,,,,,,,,,,,,,,,,,,,,6,6,6,6,6,6,6,6,6,6,6,6,6,6,6,6,6,6,6,6,6,
"Gambia, The",GMB,,,,,,,,,,,,,,,,,,,,,,,,,,,,,,,,,,,,,,,9,9,9,9,9,9,9,9,9,9,9,9,9,9,9,9,9,9,9,9,9,
Guinea-Bissau,GNB,,,,,,,,,,,,,,,,,,,,,,,,,,,,,,,,,,,,,,,6,6,6,9,9,9,9,9,9,9,9,9,9,9,9,9,9,9,9,9,9,
Equatorial Guinea,GNQ,,,,,,,,,,,,,,,,,,,,,,,,,,,,,,,,,,,,,,5,5,5,5,5,5,5,5,5,5,6,6,6,6,6,6,6,6,6,6,6,6,
Greece,GRC,,,,,,,,,,,,,,,,,,,,,,,,,,,,,,,,,,,,,,,9,9,9,9,9,9,9,9,9,9,10,10,10,10,10,10,10,10,10,10,10,10
Grenada,GRD,,,,,,,,,,,,,,,,,,,,,,,,,,,,,,,,,,,,,,,9,9,9,9,12,12,12,12,12,12,12,12,12,12,12,12,12,12,12,12,12,
Greenland,GRL,,,,,,,,,,,,,,,,,,,,,,,,,,,,,,,,,,,,,,,,,,,,,,,,,,,,,,10,10,10,10,10,10,
Guatemala,GTM,,,,,,,,,,,,,,,,,,,,,,,,,,,,,,,,,,,,,,,16,16,16,16,16,16,16,16,16,16,16,16,16,16,16,16,16,16,16,16,16,
Guam,GUM,,,,,,,,,,,,,,,,,,,,,,,,,,,,,,,,,,,,,,,0,0,,,,,,,,,,,,,,,,,,,0,
Guyana,GUY,,,,,,,,,,,,,,,,,,,,,,,,,,,,,,,,,,,,,,,6,6,6,6,6,6,6,6,6,6,6,6,6,6,6,6,6,6,6,6,6,
High income,HIC,,,,,,,,,,,,,,,,,,,,,,,,,,,,,,,,,,,,,,,,,,,,,,,,,,,,,,,,,,,,
"Hong Kong SAR, China",HKG,,,,,,,,,,,,,,,,,,,,,,,,,,,,,,,,,,,,,,,9,9,9,9,9,9,9,9,9,9,9,9,9,9,9,9,9,9,9,9,9,
Honduras,HND,,,,,,,,,,,,,,,,,,,,,,,,,,,,,,,,,,,,,,,9,9,9,9,9,9,9,9,9,9,9,9,9,12,12,12,12,12,12,12,12,
Heavily indebted poor countries (HIPC),HPC,,,,,,,,,,,,,,,,,,,,,,,,,,,,,,,,,,,,,,,,,,,,,,,,,,,,,,,,,,,,
Croatia,HRV,,,,,,,,,,,,,,,,,,,,,,,,,,,,,,,,,,,,,,,8,8,8,8,8,8,8,8,8,8,8,8,8,8,8,8,8,8,8,8,8,
Haiti,HTI,,,,,,,,,,,,,,,,,,,,,,,,,,,,,,,,,,,,,,6,6,6,6,6,6,6,6,6,6,6,6,6,6,6,6,6,6,6,6,6,6,
Hungary,HUN,,,,,,,,,,,,,,,,,,,,,,,,,,,,,,,,,,,,,,,,13,13,13,13,13,13,13,13,13,13,13,13,13,13,11,11,13,13,13,13,
IBRD only,IBD,,,,,,,,,,,,,,,,,,,,,,,,,,,,,,,,,,,,,,,,,,,,,,,,,,,,,,,,,,,,
IDA & IBRD total,IBT,,,,,,,,,,,,,,,,,,,,,,,,,,,,,,,,,,,,,,,,,,,,,,,,,,,,,,,,,,,,
IDA total,IDA,,,,,,,,,,,,,,,,,,,,,,,,,,,,,,,,,,,,,,,,,,,,,,,,,,,,,,,,,,,,
IDA blend,IDB,,,,,,,,,,,,,,,,,,,,,,,,,,,,,,,,,,,,,,,,,,,,,,,,,,,,,,,,,,,,
Indonesia,IDN,,,,,,,,,,,,,,,,,,,,,,,,,,,,,,,,,,,,,,,,,,,9,9,9,9,9,9,9,9,9,9,9,9,9,9,9,9,9,
IDA only,IDX,,,,,,,,,,,,,,,,,,,,,,,,,,,,,,,,,,,,,,,,,,,,,,,,,,,,,,,,,,,,
Isle of Man,IMN,,,,,,,,,,,,,,,,,,,,,,,,,,,,,,,,,,,,,,,,,,,,,,,,,,,,,,,,,,,,
India,IND,,,,,,,,,,,,,,,,,,,,,,,,,,,,,,,,,,,,,,,,,,,,,,,,,,8,8,8,8,8,8,8,8,8,8,
Not classified,INX,,,,,,,,,,,,,,,,,,,,,,,,,,,,,,,,,,,,,,,,,,,,,,,,,,,,,,,,,,,,
Ireland,IRL,,,,,,,,,,,,,,,,,,,,,,,,,,,,,,,,,,,,,,,8,8,10,10,10,10,10,10,10,10,10,10,10,10,10,10,10,10,10,10,10,
"Iran, Islamic Rep.",IRN,,,,,,,,,,,,,,,,,,,,,,,,,,,,,,,,,,,,,,,5,5,5,5,5,5,5,8,8,8,8,8,8,8,8,9,9,9,9,9,9,
Iraq,IRQ,,,,,,,,,,,,,,,,,,,,,,,,,,,,,,,,,,,,,,,6,6,6,6,6,6,6,6,6,6,6,6,6,6,6,6,6,6,6,6,6,
Iceland,ISL,,,,,,,,,,,,,,,,,,,,,,,,,,,,,,,,,,,,,,,10,10,10,10,10,10,10,10,10,10,10,10,10,10,10,10,10,10,10,10,10,10
Israel,ISR,,,,,,,,,,,,,,,,,,,,,,,,,,,,,,,,,,,,,,,11,11,11,11,11,11,11,11,11,11,11,13,13,13,13,13,13,13,15,15,15,15
Italy,ITA,,,,,,,,,,,,,,,,,,,,,,,,,,,,,,,,,,,,,,,8,8,8,8,8,12,12,12,12,12,12,12,12,12,12,12,12,12,12,12,12,
Jamaica,JAM,,,,,,,,,,,,,,,,,,,,,,,,,,,,,,,,,,,,,,,6,6,6,6,6,6,6,6,6,6,6,6,6,6,6,6,6,6,6,6,6,
Jordan,JOR,,,,,,,,,,,,,,,,,,,,,,,,,,,,,,,,,,,,,,,10,10,10,10,10,10,10,10,10,10,10,10,10,10,10,10,10,10,10,10,10,
Japan,JPN,,,,,,,,,,,,,,,,,,,,,,,,,,,,,,,,,,,,,,,9,9,9,9,9,9,9,9,9,9,9,9,9,9,9,9,9,9,9,9,9,
Kazakhstan,KAZ,,,,,,,,,,,,,,,,,,,,,,,,,,,,,,,,,,,,,,,9,9,9,9,9,9,9,9,9,9,9,9,9,9,9,9,9,9,9,9,9,9
Kenya,KEN,,,,,,,,,,,,,,,,,,,,,,,,,,,,,,,,,,,,,,,8,8,8,8,8,8,8,8,8,8,8,8,8,8,8,12,12,12,12,12,12,
Kyrgyz Republic,KGZ,,,,,,,,,,,,,,,,,,,,,,,,,,,,,,,,,,,,,,,9,9,9,9,9,9,9,9,9,9,9,9,9,9,9,9,10,10,10,10,10,
Cambodia,KHM,,,,,,,,,,,,,,,,,,,,,,,,,,,,,,,,,,,,,,,,,,,,,,,,,,,,,,,,,,,,
Kiribati,KIR,,,,,,,,,,,,,,,,,,,,,,,,,,,,,,,,,,,,,,,,,,,,,,,,,,,,,,9,9,9,9,9,9,
St. Kitts and Nevis,KNA,,,,,,,,,,,,,,,,,,,,,,,,,,,,,,,,,,,,,,,12,12,12,12,12,12,12,12,12,12,12,12,12,12,12,12,12,12,12,12,12,
"Korea, Rep.",KOR,,,,,,,,,,,,,,,,,,,,,,,,,,,,,,,,,,,,,,6,6,6,6,6,7,8,9,9,9,9,9,9,9,9,9,9,9,9,9,9,9,
Kuwait,KWT,,,,,,,,,,,,,,,,,,,,,,,,,,,,,,,,,,,,,,,9,9,9,9,9,9,9,9,9,9,9,9,9,9,9,9,9,9,9,9,9,
Latin America & Caribbean (excluding high income),LAC,,,,,,,,,,,,,,,,,,,,,,,,,,,,,,,,,,,,,,,,,,,,,,,,,,,,,,,,,,,,
Lao PDR,LAO,,,,,,,,,,,,,,,,,,,,,,,,,,,,,,,,,,,,,,,5,5,5,5,5,5,5,5,5,5,5,5,5,5,5,5,5,5,5,5,9,
Lebanon,LBN,,,,,,,,,,,,,,,,,,,,,,,,,,,,,,,,,,,,,,,6,6,6,6,9,9,9,9,9,9,9,9,9,9,9,10,10,10,10,10,10,
Liberia,LBR,,,,,,,,,,,,,,,,,,,,,,,,,,,,,,,,,,,,,,,,,,,,6,6,6,6,6,6,6,6,6,6,6,6,6,6,6,6,
Libya,LBY,,,,,,,,,,,,,,,,,,,,,,,,,,,,,,,,,,,,,,,9,9,9,9,9,9,9,9,9,9,9,9,9,9,9,9,9,9,9,9,9,
St. Lucia,LCA,,,,,,,,,,,,,,,,,,,,,,,,,,,,,,,,,,,,,,,10,10,10,10,10,10,10,10,10,10,10,10,10,10,10,10,10,10,10,10,10,
Latin America & Caribbean,LCN,,,,,,,,,,,,,,,,,,,,,,,,,,,,,,,,,,,,,,,,,,,,,,,,,,,,,,,,,,,,
Least developed countries: UN classification,LDC,,,,,,,,,,,,,,,,,,,,,,,,,,,,,,,,,,,,,,,,,,,,,,,,,,,,,,,,,,,,
Low income,LIC,,,,,,,,,,,,,,,,,,,,,,,,,,,,,,,,,,,,,,,,,,,,,,,,,,,,,,,,,,,,
Liechtenstein,LIE,,,,,,,,,,,,,,,,,,,,,,,,,,,,,,,,,,,,,,,9,9,9,9,9,9,9,9,9,9,9,9,9,9,9,9,9,9,9,9,9,
Sri Lanka,LKA,,,,,,,,,,,,,,,,,,,,,,,,,,,,,,,,,,,,,,,9,9,9,9,9,9,9,9,9,9,9,9,9,9,9,9,9,9,11,11,11,
Lower middle income,LMC,,,,,,,,,,,,,,,,,,,,,,,,,,,,,,,,,,,,,,,,,,,,,,,,,,,,,,,,,,,,
Low & middle income,LMY,,,,,,,,,,,,,,,,,,,,,,,,,,,,,,,,,,,,,,,,,,,,,,,,,,,,,,,,,,,,
Lesotho,LSO,,,,,,,,,,,,,,,,,,,,,,,,,,,,,,,,,,,,,,,,,,,,,,,,,,,7,7,7,7,7,7,7,7,7,
Late-demographic dividend,LTE,,,,,,,,,,,,,,,,,,,,,,,,,,,,,,,,,,,,,,,,,,,,,,,,,,,,,,,,,,,,
Lithuania,LTU,,,,,,,,,,,,,,,,,,,,,,,,,,,,,,,,,,,,,,,10,10,10,10,10,10,10,10,10,10,10,10,10,10,10,10,10,10,10,10,10,
Luxembourg,LUX,,,,,,,,,,,,,,,,,,,,,,,,,,,,,,,,,,,,,,,6,6,6,6,6,6,6,6,6,6,6,12,12,12,12,12,12,12,12,12,12,
Latvia,LVA,,,,,,,,,,,,,,,,,,,,,,,,,,,,,,,,,,,,,,,11,11,11,11,11,11,11,11,11,11,11,11,11,11,11,11,11,11,11,11,11,
"Macao SAR, China",MAC,,,,,,,,,,,,,,,,,,,,,,,,,,,,,,,,,,,,,,,10,10,10,10,10,10,10,10,10,10,10,10,10,10,10,10,10,10,10,10,10,
St. Martin (French part),MAF,,,,,,,,,,,,,,,,,,,,,,,,,,,,,,,,,,,,,,,,,,,,,,,,,,,,,,,,,,,,
Morocco,MAR,,,,,,,,,,,,,,,,,,,,,,,,,,,,,,,,,,,,,,,6,6,9,9,9,9,9,9,9,9,9,9,9,9,9,9,9,9,9,9,9,
Monaco,MCO,,,,,,,,,,,,,,,,,,,,,,,,,,,,,,,,,,,,,,,,,,,,,,,,11,11,11,11,11,11,11,11,11,11,11,11,11
Moldova,MDA,,,,,,,,,,,,,,,,,,,,,,,,,,,,,,,,,,,,,,,9,9,9,9,9,9,9,9,9,9,9,9,9,9,9,9,9,9,9,11,11,
Madagascar,MDG,,,,,,,,,,,,,,,,,,,,,,,,,,,,,,,,,,,,,,,5,5,5,5,5,5,5,5,5,5,5,5,5,5,5,5,5,5,5,5,5,
Maldives,MDV,,,,,,,,,,,,,,,,,,,,,,,,,,,,,,,,,,,,,,,,,,,,,,,,,,,,,,,,,,,,
Middle East & North Africa,MEA,,,,,,,,,,,,,,,,,,,,,,,,,,,,,,,,,,,,,,,,,,,,,,,,,,,,,,,,,,,,
Mexico,MEX,,,,,,,,,,,,,,,,,,,,,,,,,,,,,,,,,,,,,,,9,9,9,11,11,11,11,11,11,11,11,11,11,11,14,14,14,14,14,14,14,
Marshall Islands,MHL,,,,,,,,,,,,,,,,,,,,,,,,,,,,,,,,,,,,,,,9,9,9,9,9,9,9,9,9,9,9,9,9,9,9,9,9,13,13,13,13,
Middle income,MIC,,,,,,,,,,,,,,,,,,,,,,,,,,,,,,,,,,,,,,,,,,,,,,,,,,,,,,,,,,,,
North Macedonia,MKD,,,,,,,,,,,,,,,,,,,,,,,,,,,,,,,,,,,,,,,,,,,,,9,9,9,9,9,9,13,13,13,13,13,13,13,13,13,
Mali,MLI,,,,,,,,,,,,,,,,,,,,,,,,,,,,,,,,,,,,,,,9,9,9,9,9,9,9,9,9,9,9,9,9,9,9,9,9,9,9,9,9,
Malta,MLT,,,,,,,,,,,,,,,,,,,,,,,,,,,,,,,,,,,,,,,11,11,11,11,11,11,11,11,11,11,11,11,11,11,11,11,11,11,11,11,11,
Myanmar,MMR,,,,,,,,,,,,,,,,,,,,,,,,,,,,,,,,,,,,,,,5,5,5,5,5,5,5,5,5,5,5,5,5,5,5,5,5,5,5,5,5,
Middle East & North Africa (excluding high income),MNA,,,,,,,,,,,,,,,,,,,,,,,,,,,,,,,,,,,,,,,,,,,,,,,,,,,,,,,,,,,,
Montenegro,MNE,,,,,,,,,,,,,,,,,,,,,,,,,,,,,,,,,,,,,,,,,,9,9,9,9,9,9,9,9,9,9,9,9,9,9,9,9,9,9,
Mongolia,MNG,,,,,,,,,,,,,,,,,,,,,,,,,,,,,,,,,,,,,,,8,8,8,8,9,9,9,9,12,12,12,12,12,12,12,12,12,12,12,12,12,
Northern Mariana Islands,MNP,,,,,,,,,,,,,,,,,,,,,,,,,,,,,,,,,,,,,,,,,,,,,,,,,,,,,,,,,,,,
Mozambique,MOZ,,,,,,,,,,,,,,,,,,,,,,,,,,,,,,,,,,,,,,,,,,,,,,,,,,,,,,,,,,,,
Mauritania,MRT,,,,,,,,,,,,,,,,,,,,,,,,,,,,,,,,,,,,,,,,,,9,9,9,9,9,9,9,9,9,9,9,9,9,9,9,9,9,9,
Mauritius,MUS,,,,,,,,,,,,,,,,,,,,,,,,,,,,,,,,,,,,,,,6,6,6,6,6,6,11,11,11,11,11,11,11,11,11,11,11,11,11,11,11,
Malawi,MWI,,,,,,,,,,,,,,,,,,,,,,,,,,,,,,,,,,,,,,,8,8,8,8,8,8,8,8,8,8,8,8,8,8,8,8,8,8,8,8,8,
Malaysia,MYS,,,,,,,,,,,,,,,,,,,,,,,,,,,,,,,,,,,,,,,,,,,,6,6,6,6,6,6,6,6,6,6,6,6,6,6,6,6,
North America,NAC,,,,,,,,,,,,,,,,,,,,,,,,,,,,,,,,,,,,,,,,,,,,,,,,,,,,,,,,,,,,
Namibia,NAM,,,,,,,,,,,,,,,,,,,,,,,,,,,,,,,,,,,,,,,,,,,,,,,,,,,,,,,,,,,,
New Caledonia,NCL,,,,,,,,,,,,,,,,,,,,,,,,,,,,,,,,,,,,,,,0,0,,,,,,,,,,,,,,,,,,,0,
Niger,NER,,,,,,,,,,,,,,,,,,,,,,,,,,,,,,,,,,,,,,,,,,,,,,,,,,,,,,,,,,,,
Nigeria,NGA,,,,,,,,,,,,,,,,,,,,,,,,,,,,,,,,,,,,,,,,,,,,,9,9,9,9,9,9,9,9,9,9,9,9,9,9,9,
Nicaragua,NIC,,,,,,,,,,,,,,,,,,,,,,,,,,,,,,,,,,,,,,,6,6,6,6,6,6,6,6,7,7,7,7,7,7,7,7,7,7,7,7,7,
Netherlands,NLD,,,,,,,,,,,,,,,,,,,,,,,,,,,,,,,,,,,,,,13,13,13,13,13,13,13,13,13,13,13,13,13,13,13,13,13,13,13,13,13,13,
Norway,NOR,,,,,,,,,,,,,,,,,,,,,,,,,,,,,,,,,,,,,,,10,10,10,10,10,10,10,10,10,10,10,10,10,10,10,10,10,10,10,10,10,
Nepal,NPL,,,,,,,,,,,,,,,,,,,,,,,,,,,,,,,,,,,,,,,,,,,,,,,,,,,,,,,,,,,,
Nauru,NRU,,,,,,,,,,,,,,,,,,,,,,,,,,,,,,,,,,,,,,,10,10,10,10,10,10,10,10,10,10,10,10,10,14,14,14,14,14,14,14,14,
New Zealand,NZL,,,,,,,,,,,,,,,,,,,,,,,,,,,,,,,,,,,,,,,10,10,10,10,10,10,10,10,10,10,10,10,10,10,10,10,10,10,10,10,10,
OECD members,OED,,,,,,,,,,,,,,,,,,,,,,,,,,,,,,,,,,,,,,,,,,,,,,,,,,,,,,,,,,,,
Oman,OMN,,,,,,,,,,,,,,,,,,,,,,,,,,,,,,,,,,,,,,,,,,,,,,,,,,,,,,,,10,10,10,10,
Other small states,OSS,,,,,,,,,,,,,,,,,,,,,,,,,,,,,,,,,,,,,,,,,,,,,,,,,,,,,,,,,,,,
Pakistan,PAK,,,,,,,,,,,,,,,,,,,,,,,,,,,,,,,,,,,,,,,12,12,12,12,12,12,12,12,12,12,12,12,12,12,12,12,12,12,12,12,12,
Panama,PAN,,,,,,,,,,,,,,,,,,,,,,,,,,,,,,,,,,,,,,,11,11,11,11,11,11,11,11,11,11,11,11,11,11,11,11,11,11,11,11,11,
Peru,PER,,,,,,,,,,,,,,,,,,,,,,,,,,,,,,,,,,,,,,,12,12,12,12,12,12,12,12,12,12,12,12,12,12,14,14,14,14,14,14,14,
Philippines,PHL,,,,,,,,,,,,,,,,,,,,,,,,,,,,,,,,,,,,,,,11,11,11,11,11,11,11,11,11,11,11,11,11,11,11,11,11,11,11,11,13,
Palau,PLW,,,,,,,,,,,,,,,,,,,,,,,,,,,,,,,,,,,,,,,,,,12,12,12,12,12,12,12,12,12,12,12,12,12,12,12,12,12,12,
Papua New Guinea,PNG,,,,,,,,,,,,,,,,,,,,,,,,,,,,,,,,,,,,,,,,,,,,,,,,,,,,,,,,,,,,
Poland,POL,,,,,,,,,,,,,,,,,,,,,,,,,,,,,,,,,,,,,,,,,9,9,9,9,9,10,10,10,10,10,10,10,10,10,10,10,10,10,10,
Pre-demographic dividend,PRE,,,,,,,,,,,,,,,,,,,,,,,,,,,,,,,,,,,,,,,,,,,,,,,,,,,,,,,,,,,,
Puerto Rico,PRI,,,,,,,,,,,,,,,,,,,,,,,,,,,,,,,,,,,,,,14,13,13,13,16,16,16,16,16,16,16,16,13,13,13,13,13,13,13,13,13,13,
"Korea, Dem. People??s Rep.",PRK,,,,,,,,,,,,,,,,,,,,,,,,,,,,,,,,,,,,,,,11,11,11,11,11,11,11,11,11,11,11,11,11,11,11,11,11,11,11,11,11,
Portugal,PRT,,,,,,,,,,,,,,,,,,,,,,,,,,,,,,,,,,,,,,,9,9,9,9,9,9,9,9,9,9,9,12,12,12,12,12,12,12,12,12,12,12
Paraguay,PRY,,,,,,,,,,,,,,,,,,,,,,,,,,,,,,,,,,,,,,,9,9,9,9,9,9,9,9,9,9,9,9,9,13,13,13,13,13,13,13,13,
West Bank and Gaza,PSE,,,,,,,,,,,,,,,,,,,,,,,,,,,,,,,,,,,,,,,10,10,10,10,10,10,10,10,10,10,10,10,10,10,10,10,10,10,10,10,10,
Pacific island small states,PSS,,,,,,,,,,,,,,,,,,,,,,,,,,,,,,,,,,,,,,,,,,,,,,,,,,,,,,,,,,,,
Post-demographic dividend,PST,,,,,,,,,,,,,,,,,,,,,,,,,,,,,,,,,,,,,,,,,,,,,,,,,,,,,,,,,,,,
French Polynesia,PYF,,,,,,,,,,,,,,,,,,,,,,,,,,,,,,,,,,,,,,,,,,,,,,,,,,,,,,,,,,,,
Qatar,QAT,,,,,,,,,,,,,,,,,,,,,,,,,,,,,,,,,,,,,,,,,,9,9,9,9,9,9,9,9,9,9,9,9,9,9,9,9,9,9,
Romania,ROU,,,,,,,,,,,,,,,,,,,,,,,,,,,,,,,,,,,,,,,,8,8,8,8,10,10,10,10,10,10,10,10,10,10,10,10,10,10,10,10,
Russian Federation,RUS,,,,,,,,,,,,,,,,,,,,,,,,,,,,,,,,,,,,,,,8,8,8,8,8,8,9,9,9,9,9,9,9,9,9,11,11,11,11,11,11,
Rwanda,RWA,,,,,,,,,,,,,,,,,,,,,,,,,,,,,,,,,,,,,,,6,6,6,6,6,6,6,6,6,6,6,6,6,6,6,6,6,6,6,6,6,
South Asia,SAS,,,,,,,,,,,,,,,,,,,,,,,,,,,,,,,,,,,,,,,,,,,,,,,,,,,,,,,,,,,,
Saudi Arabia,SAU,,,,,,,,,,,,,,,,,,,,,,,,,,,,,,,,,,,,,,,,,,,,,9,9,9,9,9,9,9,9,9,9,9,9,9,9,9,
Sudan,SDN,,,,,,,,,,,,,,,,,,,,,,,,,,,,,,,,,,,,,,,,,,,,,,6,6,6,6,6,8,8,8,8,8,8,8,8,8,
Senegal,SEN,,,,,,,,,,,,,,,,,,,,,,,,,,,,,,,,,,,,,,,6,6,6,6,6,6,11,11,11,11,11,11,11,11,11,11,11,11,11,11,11,
Singapore,SGP,,,,,,,,,,,,,,,,,,,,,,,,,,,,,,,,,,,,,,,,,6,6,6,6,6,6,6,6,6,6,6,6,6,6,6,6,6,6,6,
Solomon Islands,SLB,,,,,,,,,,,,,,,,,,,,,,,,,,,,,,,,,,,,,,,,,,,,,,,,,,,,,,,,,,,,
Sierra Leone,SLE,,,,,,,,,,,,,,,,,,,,,,,,,,,,,,,,,,,,,,,,,,,,,9,9,9,9,9,9,9,9,9,9,9,9,9,9,9,
El Salvador,SLV,,,,,,,,,,,,,,,,,,,,,,,,,,,,,,,,,,,,,,,9,9,9,9,9,9,9,9,9,9,9,9,9,9,9,12,15,15,15,15,15,
San Marino,SMR,,,,,,,,,,,,,,,,,,,,,,,,,,,,,,,,,,,,,,,10,10,10,10,10,10,10,10,10,10,10,10,10,10,10,10,10,10,10,10,10,
Somalia,SOM,,,,,,,,,,,,,,,,,,,,,,,,,,,,,,,,,,,,,,,,,,,,,,,,,,,,,,,,,,,,
Serbia,SRB,,,,,,,,,,,,,,,,,,,,,,,,,,,,,,,,,,,,,,,8,8,8,8,8,8,8,8,8,8,8,8,8,8,8,8,8,8,8,8,8,
Sub-Saharan Africa (excluding high income),SSA,,,,,,,,,,,,,,,,,,,,,,,,,,,,,,,,,,,,,,,,,,,,,,,,,,,,,,,,,,,,
South Sudan,SSD,,,,,,,,,,,,,,,,,,,,,,,,,,,,,,,,,,,,,,,,,,,,,,,,,8,8,8,8,8,8,8,8,8,8,8,
Sub-Saharan Africa,SSF,,,,,,,,,,,,,,,,,,,,,,,,,,,,,,,,,,,,,,,,,,,,,,,,,,,,,,,,,,,,
Small states,SST,,,,,,,,,,,,,,,,,,,,,,,,,,,,,,,,,,,,,,,,,,,,,,,,,,,,,,,,,,,,
Sao Tome and Principe,STP,,,,,,,,,,,,,,,,,,,,,,,,,,,,,,,,,,,,,,,6,6,6,6,6,6,6,6,6,6,6,6,6,6,6,6,6,6,6,6,6,
Suriname,SUR,,,,,,,,,,,,,,,,,,,,,,,,,,,,,,,,,,,,,,,6,6,6,6,6,6,6,6,6,6,6,6,6,6,6,6,6,6,6,6,6,6
Slovak Republic,SVK,,,,,,,,,,,,,,,,,,,,,,,,,,,,,,,,,,,,,,,10,10,10,10,10,10,10,10,10,10,10,10,10,10,10,10,10,10,10,10,10,10
Slovenia,SVN,,,,,,,,,,,,,,,,,,,,,,,,,,,,,,,,,,,,,,,9,9,9,9,9,9,9,9,9,9,9,9,9,9,9,9,9,9,9,9,9,
Sweden,SWE,,,,,,,,,,,,,,,,,,,,,,,,,,,,,,,,,,,,,,,9,9,9,9,9,9,9,9,9,9,9,9,9,9,9,9,9,9,9,9,9,10
Eswatini,SWZ,,,,,,,,,,,,,,,,,,,,,,,,,,,,,,,,,,,,,,,,,,,,,,,,,,,7,7,7,7,7,7,7,7,7,
Sint Maarten (Dutch part),SXM,,,,,,,,,,,,,,,,,,,,,,,,,,,,,,,,,,,,,,,,12,12,12,12,12,12,12,12,14,14,14,14,14,14,14,14,14,14,14,14,
Seychelles,SYC,,,,,,,,,,,,,,,,,,,,,,,,,,,,,,,,,,,,,,,10,10,10,10,10,10,10,10,10,10,10,10,10,10,10,10,10,10,10,10,10,
Syrian Arab Republic,SYR,,,,,,,,,,,,,,,,,,,,,,,,,,,,,,,,,,,,,,,6,6,6,6,9,9,9,9,9,9,9,9,9,9,9,9,9,9,9,9,9,
Turks and Caicos Islands,TCA,,,,,,,,,,,,,,,,,,,,,,,,,,,,,,,,,,,,,,,13,13,13,13,13,13,13,13,13,13,13,13,13,13,13,13,13,13,13,13,13,
Chad,TCD,,,,,,,,,,,,,,,,,,,,,,,,,,,,,,,,,,,,,,,6,6,6,6,6,6,6,6,10,10,10,10,10,10,10,10,10,10,10,10,10,
East Asia & Pacific (IDA & IBRD countries),TEA,,,,,,,,,,,,,,,,,,,,,,,,,,,,,,,,,,,,,,,,,,,,,,,,,,,,,,,,,,,,
Europe & Central Asia (IDA & IBRD countries),TEC,,,,,,,,,,,,,,,,,,,,,,,,,,,,,,,,,,,,,,,,,,,,,,,,,,,,,,,,,,,,
Togo,TGO,,,,,,,,,,,,,,,,,,,,,,,,,,,,,,,,,,,,,,,10,10,10,10,10,10,10,10,10,10,10,10,10,10,10,10,10,10,10,10,10,
Thailand,THA,,,,,,,,,,,,,,,,,,,,,,,,,,,,,,,,,,,,,,,,9,9,9,9,9,9,9,9,9,9,9,9,9,9,9,9,9,9,9,9,
Tajikistan,TJK,,,,,,,,,,,,,,,,,,,,,,,,,,,,,,,,,,,,,,,9,9,9,9,9,9,9,9,9,9,9,9,9,9,9,9,9,9,9,9,9,
Turkmenistan,TKM,,,,,,,,,,,,,,,,,,,,,,,,,,,,,,,,,,,,,,,9,9,9,9,9,9,9,9,9,9,9,10,10,10,10,10,12,12,12,12,12,
Latin America & the Caribbean (IDA & IBRD countries),TLA,,,,,,,,,,,,,,,,,,,,,,,,,,,,,,,,,,,,,,,,,,,,,,,,,,,,,,,,,,,,
Timor-Leste,TLS,,,,,,,,,,,,,,,,,,,,,,,,,,,,,,,,,,,,,,,,,6,6,6,6,6,6,6,6,9,9,9,9,9,9,9,9,9,9,9,
Middle East & North Africa (IDA & IBRD countries),TMN,,,,,,,,,,,,,,,,,,,,,,,,,,,,,,,,,,,,,,,,,,,,,,,,,,,,,,,,,,,,
Tonga,TON,,,,,,,,,,,,,,,,,,,,,,,,,,,,,,,,,,,,,,,6,6,6,6,6,6,6,6,6,6,6,6,6,6,8,8,15,15,15,15,15,
South Asia (IDA & IBRD),TSA,,,,,,,,,,,,,,,,,,,,,,,,,,,,,,,,,,,,,,,,,,,,,,,,,,,,,,,,,,,,
Sub-Saharan Africa (IDA & IBRD countries),TSS,,,,,,,,,,,,,,,,,,,,,,,,,,,,,,,,,,,,,,,,,,,,,,,,,,,,,,,,,,,,
Trinidad and Tobago,TTO,,,,,,,,,,,,,,,,,,,,,,,,,,,,,,,,,,,,,,,6,6,6,6,6,6,6,6,6,6,6,6,6,6,6,6,6,6,6,6,6,
Tunisia,TUN,,,,,,,,,,,,,,,,,,,,,,,,,,,,,,,,,,,,,,,,,,,9,9,9,9,9,9,9,9,9,9,9,9,9,9,9,9,9,
Turkey,TUR,,,,,,,,,,,,,,,,,,,,,,,,,,,,,,,,,,,,,,,8,8,8,8,8,8,8,8,8,8,8,8,8,8,12,12,12,12,12,12,12,
Tuvalu,TUV,,,,,,,,,,,,,,,,,,,,,,,,,,,,,,,,,,,,,,,,,,,,,,,,,8,8,8,8,8,8,8,8,8,8,8,
Tanzania,TZA,,,,,,,,,,,,,,,,,,,,,,,,,,,,,,,,,,,,,,,7,7,7,7,7,7,7,7,7,7,7,7,7,7,7,7,7,7,7,7,7,
Uganda,UGA,,,,,,,,,,,,,,,,,,,,,,,,,,,,,,,,,,,,,,,,,,,,,,,,,7,7,7,7,7,7,7,7,7,7,7,
Ukraine,UKR,,,,,,,,,,,,,,,,,,,,,,,,,,,,,,,,,,,,,,,10,10,10,10,10,11,11,11,11,11,11,11,11,11,11,11,11,11,11,11,11,
Upper middle income,UMC,,,,,,,,,,,,,,,,,,,,,,,,,,,,,,,,,,,,,,,,,,,,,,,,,,,,,,,,,,,,
Uruguay,URY,,,,,,,,,,,,,,,,,,,,,,,,,,,,,,,,,,,,,,,9,9,9,9,9,9,9,9,9,9,14,14,14,14,14,14,14,14,14,14,14,
United States,USA,,,,,,,,,,,,,,,,,,,,,,,,,,,,,,,,,,,,,,,12,12,12,12,12,12,12,12,12,12,12,12,12,12,12,12,12,12,12,12,12,
Uzbekistan,UZB,,,,,,,,,,,,,,,,,,,,,,,,,,,,,,,,,,,,,,11,11,11,11,11,11,11,11,11,11,11,11,11,11,12,12,12,12,12,12,12,12,
St. Vincent and the Grenadines,VCT,,,,,,,,,,,,,,,,,,,,,,,,,,,,,,,,,,,,,,,,,,,,,,12,12,12,12,12,12,12,12,12,12,12,12,12,12,
"Venezuela, RB",VEN,,,,,,,,,,,,,,,,,,,,,,,,,,,,,,,,,,,,,,,6,14,14,14,14,14,14,14,14,14,14,14,14,14,14,14,14,14,14,17,17,
British Virgin Islands,VGB,,,,,,,,,,,,,,,,,,,,,,,,,,,,,,,,,,,,,,,12,12,12,12,12,12,12,12,12,12,12,12,12,12,12,12,12,12,12,12,12,
Virgin Islands (U.S.),VIR,,,,,,,,,,,,,,,,,,,,,,,,,,,,,,,,,,,,,,,,,,,,,,,,,,,,,,,,,,,,
Vietnam,VNM,,,,,,,,,,,,,,,,,,,,,,,,,,,,,,,,,,,,,,,5,5,5,5,5,5,5,9,9,9,9,9,9,9,9,9,9,10,10,10,10,
Vanuatu,VUT,,,,,,,,,,,,,,,,,,,,,,,,,,,,,,,,,,,,,,,,,,,,,,,,,,,,,,,,,,,,
World,WLD,,,,,,,,,,,,,,,,,,,,,,,,,,,,,,,,,,,,,,,,,,,,,,,,,,,,,,,,,,,,
Samoa,WSM,,,,,,,,,,,,,,,,,,,,,,,,,,,,,,,,,,,,,,,8,8,8,8,8,8,8,8,8,8,8,8,8,8,8,8,8,8,8,8,8,
Kosovo,XKX,,,,,,,,,,,,,,,,,,,,,,,,,,,,,,,,,,,,,,,,,,,,,,,,,,,,,,,,,,,,
"Yemen, Rep.",YEM,,,,,,,,,,,,,,,,,,,,,,,,,,,,,,,,,,,,,,,9,9,9,9,9,9,9,9,9,9,9,9,9,9,9,9,9,9,9,9,9,
South Africa,ZAF,,,,,,,,,,,,,,,,,,,,,,,,,,,,,,,,,,,,,,,9,9,9,9,9,9,9,9,9,9,9,9,9,9,9,9,9,9,9,9,9,
Zambia,ZMB,,,,,,,,,,,,,,,,,,,,,,,,,,,,,,,,,,,,,,,7,7,7,7,7,7,7,7,7,7,7,7,7,7,7,7,7,7,7,7,7,
Zimbabwe,ZWE,,,,,,,,,,,,,,,,,,,,,,,,,,,,,,,,,,,,,,,7,7,7,7,7,7,7,7,7,7,7,7,7,7,7,7,7,7,7,7,7,
